table,suite,file,model,metric,published,decimals
1,coco_human_rt,loo_table.csv,M1_logrt_normal,elpd_loo,-10998,0
1,coco_human_rt,loo_table.csv,M1_logrt_normal,se,160,0
1,coco_human_rt,loo_table.csv,M1_logrt_normal,p_loo,2128,0
1,coco_human_rt,model_selection.csv,M1_logrt_normal,spearman_rank_mean,0.9373,4
1,coco_human_rt,model_selection.csv,M1_logrt_normal,kendall_tau_mean,0.7853,4
1,coco_human_rt,model_selection.csv,M1_logrt_normal,topk_overlap_mean,0.63,3
1,coco_human_rt,model_selection.csv,M1_logrt_normal,pairprob_absdiff_mean,0.0934,4
1,coco_human_rt,loo_table.csv,M2_logrt_studentT,elpd_loo,-10355,0
1,coco_human_rt,loo_table.csv,M2_logrt_studentT,se,154,0
1,coco_human_rt,loo_table.csv,M2_logrt_studentT,p_loo,2322,0
1,coco_human_rt,model_selection.csv,M2_logrt_studentT,spearman_rank_mean,0.9377,4
1,coco_human_rt,model_selection.csv,M2_logrt_studentT,kendall_tau_mean,0.7853,4
1,coco_human_rt,model_selection.csv,M2_logrt_studentT,topk_overlap_mean,0.625,3
1,coco_human_rt,model_selection.csv,M2_logrt_studentT,pairprob_absdiff_mean,0.0953,4
1,coco_human_rt,loo_table.csv,M3_shifted_lognormal,elpd_loo,-10997,0
1,coco_human_rt,loo_table.csv,M3_shifted_lognormal,se,160,0
1,coco_human_rt,loo_table.csv,M3_shifted_lognormal,p_loo,2128,0
1,coco_human_rt,model_selection.csv,M3_shifted_lognormal,spearman_rank_mean,0.9372,4
1,coco_human_rt,model_selection.csv,M3_shifted_lognormal,kendall_tau_mean,0.7853,4
1,coco_human_rt,model_selection.csv,M3_shifted_lognormal,topk_overlap_mean,0.63,3
1,coco_human_rt,model_selection.csv,M3_shifted_lognormal,pairprob_absdiff_mean,0.0937,4
1,coco_human_rt,loo_table.csv,M4_rt_exGaussian,elpd_loo,-37186,0
1,coco_human_rt,loo_table.csv,M4_rt_exGaussian,se,544,0
1,coco_human_rt,loo_table.csv,M4_rt_exGaussian,p_loo,4863,0
1,coco_human_rt,model_selection.csv,M4_rt_exGaussian,spearman_rank_mean,0.9174,4
1,coco_human_rt,model_selection.csv,M4_rt_exGaussian,kendall_tau_mean,0.76,4
1,coco_human_rt,model_selection.csv,M4_rt_exGaussian,topk_overlap_mean,0.445,3
1,coco_human_rt,model_selection.csv,M4_rt_exGaussian,pairprob_absdiff_mean,0.1111,4
1,coco_human_rt,loo_table.csv,M5a_joint_normal_logN1p,elpd_loo,-26149,0
1,coco_human_rt,loo_table.csv,M5a_joint_normal_logN1p,se,388,0
1,coco_human_rt,loo_table.csv,M5a_joint_normal_logN1p,p_loo,11153,0
1,coco_human_rt,model_selection.csv,M5a_joint_normal_logN1p,spearman_rank_mean,0.0068,4
1,coco_human_rt,model_selection.csv,M5a_joint_normal_logN1p,kendall_tau_mean,0.0056,4
1,coco_human_rt,model_selection.csv,M5a_joint_normal_logN1p,topk_overlap_mean,0.17,3
1,coco_human_rt,model_selection.csv,M5a_joint_normal_logN1p,pairprob_absdiff_mean,0.3849,4
1,coco_human_rt,loo_table.csv,M5b_joint_normal_N,elpd_loo,-20095,0
1,coco_human_rt,loo_table.csv,M5b_joint_normal_N,se,355,0
1,coco_human_rt,loo_table.csv,M5b_joint_normal_N,p_loo,7162,0
1,coco_human_rt,model_selection.csv,M5b_joint_normal_N,spearman_rank_mean,0.3752,4
1,coco_human_rt,model_selection.csv,M5b_joint_normal_N,kendall_tau_mean,0.2723,4
1,coco_human_rt,model_selection.csv,M5b_joint_normal_N,topk_overlap_mean,0.43,3
1,coco_human_rt,model_selection.csv,M5b_joint_normal_N,pairprob_absdiff_mean,0.1442,4
1,coco_human_rt,loo_table.csv,M2J_joint_studentT_logN1p,elpd_loo,-19939,0
1,coco_human_rt,loo_table.csv,M2J_joint_studentT_logN1p,se,164,0
1,coco_human_rt,loo_table.csv,M2J_joint_studentT_logN1p,p_loo,5407,0
1,coco_human_rt,model_selection.csv,M2J_joint_studentT_logN1p,spearman_rank_mean,-0.0133,4
1,coco_human_rt,model_selection.csv,M2J_joint_studentT_logN1p,kendall_tau_mean,-0.0223,4
1,coco_human_rt,model_selection.csv,M2J_joint_studentT_logN1p,topk_overlap_mean,0.15,3
1,coco_human_rt,model_selection.csv,M2J_joint_studentT_logN1p,pairprob_absdiff_mean,0.3818,4
1,coco_human_rt,loo_table.csv,M3J_joint_shiftedLN_logN1p,elpd_loo,-26186,0
1,coco_human_rt,loo_table.csv,M3J_joint_shiftedLN_logN1p,se,390,0
1,coco_human_rt,loo_table.csv,M3J_joint_shiftedLN_logN1p,p_loo,11191,0
1,coco_human_rt,model_selection.csv,M3J_joint_shiftedLN_logN1p,spearman_rank_mean,0.1571,4
1,coco_human_rt,model_selection.csv,M3J_joint_shiftedLN_logN1p,kendall_tau_mean,0.1075,4
1,coco_human_rt,model_selection.csv,M3J_joint_shiftedLN_logN1p,topk_overlap_mean,0.215,3
1,coco_human_rt,model_selection.csv,M3J_joint_shiftedLN_logN1p,pairprob_absdiff_mean,0.2943,4
1,coco_human_rt,loo_table.csv,M4J_joint_exGaussian_logN1p,elpd_loo,-50330,0
1,coco_human_rt,loo_table.csv,M4J_joint_exGaussian_logN1p,se,557,0
1,coco_human_rt,loo_table.csv,M4J_joint_exGaussian_logN1p,p_loo,4928,0
1,coco_human_rt,model_selection.csv,M4J_joint_exGaussian_logN1p,spearman_rank_mean,0.5805,4
1,coco_human_rt,model_selection.csv,M4J_joint_exGaussian_logN1p,kendall_tau_mean,0.4772,4
1,coco_human_rt,model_selection.csv,M4J_joint_exGaussian_logN1p,topk_overlap_mean,0.64,3
1,coco_human_rt,model_selection.csv,M4J_joint_exGaussian_logN1p,pairprob_absdiff_mean,0.2164,4
2,coco_human_count,loo_table.csv,M1_n_lognormal,elpd_loo,-15715,0
2,coco_human_count,loo_table.csv,M1_n_lognormal,se,130,0
2,coco_human_count,loo_table.csv,M1_n_lognormal,p_loo,1828,0
2,coco_human_count,model_selection.csv,M1_n_lognormal,spearman_rank_mean,0.9525,4
2,coco_human_count,model_selection.csv,M1_n_lognormal,kendall_tau_mean,0.8124,4
2,coco_human_count,model_selection.csv,M1_n_lognormal,topk_overlap_mean,0.69,3
2,coco_human_count,model_selection.csv,M1_n_lognormal,pairprob_absdiff_mean,0.0842,4
2,coco_human_count,loo_table.csv,M2_n_studentT,elpd_loo,-15536,0
2,coco_human_count,loo_table.csv,M2_n_studentT,se,126,0
2,coco_human_count,loo_table.csv,M2_n_studentT,p_loo,1930,0
2,coco_human_count,model_selection.csv,M2_n_studentT,spearman_rank_mean,0.9527,4
2,coco_human_count,model_selection.csv,M2_n_studentT,kendall_tau_mean,0.8125,4
2,coco_human_count,model_selection.csv,M2_n_studentT,topk_overlap_mean,0.675,3
2,coco_human_count,model_selection.csv,M2_n_studentT,pairprob_absdiff_mean,0.0851,4
2,coco_human_count,loo_table.csv,M3_n_shifted_lognormal,elpd_loo,-15518,0
2,coco_human_count,loo_table.csv,M3_n_shifted_lognormal,se,116,0
2,coco_human_count,loo_table.csv,M3_n_shifted_lognormal,p_loo,1823,0
2,coco_human_count,model_selection.csv,M3_n_shifted_lognormal,spearman_rank_mean,0.9519,4
2,coco_human_count,model_selection.csv,M3_n_shifted_lognormal,kendall_tau_mean,0.8111,4
2,coco_human_count,model_selection.csv,M3_n_shifted_lognormal,topk_overlap_mean,0.665,3
2,coco_human_count,model_selection.csv,M3_n_shifted_lognormal,pairprob_absdiff_mean,0.0854,4
2,coco_human_count,loo_table.csv,M4_n_exGaussian,elpd_loo,-20174,0
2,coco_human_count,loo_table.csv,M4_n_exGaussian,se,139,0
2,coco_human_count,loo_table.csv,M4_n_exGaussian,p_loo,2515,0
2,coco_human_count,model_selection.csv,M4_n_exGaussian,spearman_rank_mean,0.2208,4
2,coco_human_count,model_selection.csv,M4_n_exGaussian,kendall_tau_mean,0.1638,4
2,coco_human_count,model_selection.csv,M4_n_exGaussian,topk_overlap_mean,0.105,3
2,coco_human_count,model_selection.csv,M4_n_exGaussian,pairprob_absdiff_mean,0.3165,4
3,coco_predicted_count,loo_table.csv,M1_n_lognormal,elpd_loo,-10348,0
3,coco_predicted_count,loo_table.csv,M1_n_lognormal,se,97,0
3,coco_predicted_count,loo_table.csv,M1_n_lognormal,p_loo,1538,0
3,coco_predicted_count,model_selection.csv,M1_n_lognormal,spearman_rank_mean,0.9344,4
3,coco_predicted_count,model_selection.csv,M1_n_lognormal,kendall_tau_mean,0.7825,4
3,coco_predicted_count,model_selection.csv,M1_n_lognormal,topk_overlap_mean,0.645,3
3,coco_predicted_count,model_selection.csv,M1_n_lognormal,pairprob_absdiff_mean,0.0942,4
3,coco_predicted_count,loo_table.csv,M2_n_studentT,elpd_loo,-10342,0
3,coco_predicted_count,loo_table.csv,M2_n_studentT,se,96,0
3,coco_predicted_count,loo_table.csv,M2_n_studentT,p_loo,1565,0
3,coco_predicted_count,model_selection.csv,M2_n_studentT,spearman_rank_mean,0.9343,4
3,coco_predicted_count,model_selection.csv,M2_n_studentT,kendall_tau_mean,0.7817,4
3,coco_predicted_count,model_selection.csv,M2_n_studentT,topk_overlap_mean,0.58,3
3,coco_predicted_count,model_selection.csv,M2_n_studentT,pairprob_absdiff_mean,0.0948,4
3,coco_predicted_count,loo_table.csv,M3_n_shifted_lognormal,elpd_loo,-10299,0
3,coco_predicted_count,loo_table.csv,M3_n_shifted_lognormal,se,90,0
3,coco_predicted_count,loo_table.csv,M3_n_shifted_lognormal,p_loo,1521,0
3,coco_predicted_count,model_selection.csv,M3_n_shifted_lognormal,spearman_rank_mean,0.9338,4
3,coco_predicted_count,model_selection.csv,M3_n_shifted_lognormal,kendall_tau_mean,0.7813,4
3,coco_predicted_count,model_selection.csv,M3_n_shifted_lognormal,topk_overlap_mean,0.595,3
3,coco_predicted_count,model_selection.csv,M3_n_shifted_lognormal,pairprob_absdiff_mean,0.0944,4
3,coco_predicted_count,loo_table.csv,M4_n_exGaussian,elpd_loo,-28331,0
3,coco_predicted_count,loo_table.csv,M4_n_exGaussian,se,291,0
3,coco_predicted_count,loo_table.csv,M4_n_exGaussian,p_loo,10177,0
3,coco_predicted_count,model_selection.csv,M4_n_exGaussian,spearman_rank_mean,0.2144,4
3,coco_predicted_count,model_selection.csv,M4_n_exGaussian,kendall_tau_mean,0.1563,4
3,coco_predicted_count,model_selection.csv,M4_n_exGaussian,topk_overlap_mean,0.11,3
3,coco_predicted_count,model_selection.csv,M4_n_exGaussian,pairprob_absdiff_mean,0.301,4
A1,coco_human_rt,model_selection.csv,M1_logrt_normal,rmse_logrt_mean,0.3457,4
A1,coco_human_rt,model_selection.csv,M1_logrt_normal,elpd_logrt_total_mean,-2215,0
A1,coco_human_rt,model_selection.csv,M1_logrt_normal,spearman_rank_mean,0.9372,4
A1,coco_human_rt,model_selection.csv,M1_logrt_normal,kendall_tau_mean,0.7853,4
A1,coco_human_rt,model_selection.csv,M1_logrt_normal,topk_overlap_mean,0.63,3
A1,coco_human_rt,model_selection.csv,M1_logrt_normal,pairprob_absdiff_mean,0.0937,4
A1,coco_human_rt,model_selection.csv,M2_logrt_studentT,rmse_logrt_mean,0.3462,4
A1,coco_human_rt,model_selection.csv,M2_logrt_studentT,elpd_logrt_total_mean,-2088,0
A1,coco_human_rt,model_selection.csv,M2_logrt_studentT,spearman_rank_mean,0.9377,4
A1,coco_human_rt,model_selection.csv,M2_logrt_studentT,kendall_tau_mean,0.7853,4
A1,coco_human_rt,model_selection.csv,M2_logrt_studentT,topk_overlap_mean,0.625,3
A1,coco_human_rt,model_selection.csv,M2_logrt_studentT,pairprob_absdiff_mean,0.0953,4
A1,coco_human_rt,model_selection.csv,M3_shifted_lognormal,rmse_logrt_mean,0.3509,4
A1,coco_human_rt,model_selection.csv,M3_shifted_lognormal,elpd_logrt_total_mean,-2215,0
A1,coco_human_rt,model_selection.csv,M3_shifted_lognormal,spearman_rank_mean,0.9372,4
A1,coco_human_rt,model_selection.csv,M3_shifted_lognormal,kendall_tau_mean,0.7853,4
A1,coco_human_rt,model_selection.csv,M3_shifted_lognormal,topk_overlap_mean,0.63,3
A1,coco_human_rt,model_selection.csv,M3_shifted_lognormal,pairprob_absdiff_mean,0.0937,4
A1,coco_human_rt,model_selection.csv,M4_rt_exGaussian,rmse_logrt_mean,0.3779,4
A1,coco_human_rt,model_selection.csv,M4_rt_exGaussian,elpd_logrt_total_mean,-10945,0
A1,coco_human_rt,model_selection.csv,M4_rt_exGaussian,spearman_rank_mean,0.9174,4
A1,coco_human_rt,model_selection.csv,M4_rt_exGaussian,kendall_tau_mean,0.76,4
A1,coco_human_rt,model_selection.csv,M4_rt_exGaussian,topk_overlap_mean,0.445,3
A1,coco_human_rt,model_selection.csv,M4_rt_exGaussian,pairprob_absdiff_mean,0.1111,4
A1,coco_human_rt,model_selection.csv,M5a_joint_normal_logN1p,rmse_logrt_mean,0.3762,4
A1,coco_human_rt,model_selection.csv,M5a_joint_normal_logN1p,elpd_logrt_total_mean,-3101,0
A1,coco_human_rt,model_selection.csv,M5a_joint_normal_logN1p,spearman_rank_mean,0.0068,4
A1,coco_human_rt,model_selection.csv,M5a_joint_normal_logN1p,kendall_tau_mean,0.0056,4
A1,coco_human_rt,model_selection.csv,M5a_joint_normal_logN1p,topk_overlap_mean,0.17,3
A1,coco_human_rt,model_selection.csv,M5a_joint_normal_logN1p,pairprob_absdiff_mean,0.3849,4
A1,coco_human_rt,model_selection.csv,M5b_joint_normal_N,rmse_logrt_mean,0.3705,4
A1,coco_human_rt,model_selection.csv,M5b_joint_normal_N,elpd_logrt_total_mean,-2761,0
A1,coco_human_rt,model_selection.csv,M5b_joint_normal_N,spearman_rank_mean,0.3752,4
A1,coco_human_rt,model_selection.csv,M5b_joint_normal_N,kendall_tau_mean,0.2723,4
A1,coco_human_rt,model_selection.csv,M5b_joint_normal_N,topk_overlap_mean,0.43,3
A1,coco_human_rt,model_selection.csv,M5b_joint_normal_N,pairprob_absdiff_mean,0.1442,4
A1,coco_human_rt,model_selection.csv,M2J_joint_studentT_logN1p,rmse_logrt_mean,0.376,4
A1,coco_human_rt,model_selection.csv,M2J_joint_studentT_logN1p,elpd_logrt_total_mean,-3029,0
A1,coco_human_rt,model_selection.csv,M2J_joint_studentT_logN1p,spearman_rank_mean,-0.0133,4
A1,coco_human_rt,model_selection.csv,M2J_joint_studentT_logN1p,kendall_tau_mean,-0.0223,4
A1,coco_human_rt,model_selection.csv,M2J_joint_studentT_logN1p,topk_overlap_mean,0.15,3
A1,coco_human_rt,model_selection.csv,M2J_joint_studentT_logN1p,pairprob_absdiff_mean,0.3818,4
A1,coco_human_rt,model_selection.csv,M3J_joint_shiftedLN_logN1p,rmse_logrt_mean,0.3794,4
A1,coco_human_rt,model_selection.csv,M3J_joint_shiftedLN_logN1p,elpd_logrt_total_mean,-3087,0
A1,coco_human_rt,model_selection.csv,M3J_joint_shiftedLN_logN1p,spearman_rank_mean,0.1571,4
A1,coco_human_rt,model_selection.csv,M3J_joint_shiftedLN_logN1p,kendall_tau_mean,0.1075,4
A1,coco_human_rt,model_selection.csv,M3J_joint_shiftedLN_logN1p,topk_overlap_mean,0.215,3
A1,coco_human_rt,model_selection.csv,M3J_joint_shiftedLN_logN1p,pairprob_absdiff_mean,0.2943,4
A1,coco_human_rt,model_selection.csv,M4J_joint_exGaussian_logN1p,rmse_logrt_mean,0.3752,4
A1,coco_human_rt,model_selection.csv,M4J_joint_exGaussian_logN1p,elpd_logrt_total_mean,-11046,0
A1,coco_human_rt,model_selection.csv,M4J_joint_exGaussian_logN1p,spearman_rank_mean,0.5804,4
A1,coco_human_rt,model_selection.csv,M4J_joint_exGaussian_logN1p,kendall_tau_mean,0.4772,4
A1,coco_human_rt,model_selection.csv,M4J_joint_exGaussian_logN1p,topk_overlap_mean,0.64,3
A1,coco_human_rt,model_selection.csv,M4J_joint_exGaussian_logN1p,pairprob_absdiff_mean,0.2164,4
