visual_weight,subject,pearson,spearman,pearson_residual,spearman_residual,mae,r2,mean_sigma,n
0.0,subj01,0.5073836217264283,0.44296905081764776,0.047528427094221115,0.03621654346745164,0.1924297776154677,0.2564842123638613,0.23781947791576385,2422
0.0,subj02,0.46771347865415613,0.4073551097671311,0.04217536374926567,0.05320685985456829,0.19383860150208615,0.21547197536310136,0.23805908858776093,2486
0.0,subj03,0.5228921810023685,0.46122543193336096,0.07355520129203796,0.0917699912466361,0.1884895354394509,0.2733221288460017,0.23787282407283783,2279
0.0,subj04,0.48765580201161324,0.4196776034244225,0.03691335767507553,0.046162710877184474,0.19487419401618095,0.23696374566773537,0.23799583315849304,2156
0.0,subj05,0.5329091485860534,0.4598836627981111,0.057406798005104065,0.045027227116534965,0.18987266095044672,0.28395483635025176,0.23837190866470337,2470
0.0,subj06,0.47252478821539795,0.41157639648312444,0.01767314225435257,0.03594462449476066,0.19672450000037445,0.21948585462804138,0.2382214069366455,2266
0.0,subj07,0.49185213533139766,0.4284725010941928,0.04026378318667412,0.044656507579584594,0.1949427257597504,0.2399894488808204,0.23813402652740479,2480
0.0,subj08,0.5103752350665942,0.4433849950470121,0.049926526844501495,0.05699244495151902,0.19454133100498983,0.2595106901060378,0.23689131438732147,2177
0.25,subj01,0.6011135312725235,0.5654004971586392,0.3644672930240631,0.3492761741633748,0.17618819391697027,0.35920463547094506,0.21056698262691498,2422
0.25,subj02,0.5812847801338336,0.525799698479861,0.37878790497779846,0.3608652822610632,0.1786094828564368,0.3352025137022958,0.21099793910980225,2486
0.25,subj03,0.6172551677311089,0.576483307498986,0.3853685259819031,0.3645220695822347,0.1726499855702146,0.3809408151304625,0.21083177626132965,2279
0.25,subj04,0.5908189902090971,0.5436796495437739,0.3674509823322296,0.34385648799379614,0.18070566885170067,0.3481426509681165,0.21054953336715698,2156
0.25,subj05,0.633869840187618,0.5896103035967846,0.3980066180229187,0.37723172918775744,0.17294356133567895,0.4016864143987394,0.21089579164981842,2470
0.25,subj06,0.5660369806468105,0.5241266790722398,0.3308875262737274,0.30745701381439683,0.1829973822953997,0.31367463234186677,0.2107677310705185,2266
0.25,subj07,0.5692621765808619,0.5286938657183922,0.32392188906669617,0.31809304636487323,0.18201186915590487,0.3203036043703379,0.2109898179769516,2480
0.25,subj08,0.5904677780194288,0.5408352185279353,0.33507782220840454,0.31238744640752325,0.18204882708220252,0.34622150087497683,0.21043403446674347,2177
0.5,subj01,0.6168165227313486,0.5881361388038555,0.39771631360054016,0.3744478034758932,0.17378131258590193,0.37733246150859256,0.19996948540210724,2422
0.5,subj02,0.5926664702120712,0.5368733457162386,0.4009873569011688,0.3746664295599783,0.1765297056132253,0.3452704240436575,0.20051144063472748,2486
0.5,subj03,0.6239338998536936,0.5871370268384477,0.4022688567638397,0.3737263785015727,0.17083653401471793,0.3878831761516277,0.20072336494922638,2279
0.5,subj04,0.6052919825119885,0.5571276022788466,0.39649951457977295,0.3616721534501495,0.17727332753587122,0.36293057032747,0.20089925825595856,2156
0.5,subj05,0.6511605546422989,0.6178166133914909,0.43557170033454895,0.4172874758673873,0.16989610536257393,0.42364861078332783,0.20020002126693726,2470
0.5,subj06,0.5834639246305057,0.5448098356849388,0.36577197909355164,0.3427582383257938,0.1801833760592332,0.33144499469330024,0.20019541680812836,2266
0.5,subj07,0.5957932071035501,0.5534859926778194,0.3766014277935028,0.35192428397010206,0.17799949470967652,0.350214603336386,0.20020008087158203,2480
0.5,subj08,0.6139710187102064,0.5731535337984179,0.38478177785873413,0.36115434790350054,0.1772426596011529,0.3737321308869973,0.19982826709747314,2177
0.75,subj01,0.6255162486093749,0.5916119669989328,0.4143114387989044,0.3807739460478479,0.1720687768247985,0.3900853144067262,0.19900627434253693,2422
0.75,subj02,0.5904317692906894,0.5337180612021509,0.39688071608543396,0.3662342910837902,0.1762437921760797,0.34407016996301265,0.19954723119735718,2486
0.75,subj03,0.6210533876706097,0.5745733335264301,0.39565789699554443,0.35975655296595016,0.17205667081427042,0.3852625945747793,0.20011314749717712,2279
0.75,subj04,0.6065499587911367,0.5587364482119291,0.39957374334335327,0.3695440728314578,0.17665180725959506,0.3660432355910599,0.19993968307971954,2156
0.75,subj05,0.6401869654219169,0.5971291509652893,0.4137829542160034,0.39278966567170376,0.17134019099530007,0.409594257378025,0.19924063980579376,2470
0.75,subj06,0.5841329228631353,0.5380253806042535,0.3698807954788208,0.32810627633227396,0.18035926268456848,0.33554517969672226,0.19949427247047424,2266
0.75,subj07,0.597491234875919,0.5517403449820738,0.37904343008995056,0.3402254265115385,0.1776372323211622,0.35534979780104925,0.199244886636734,2480
0.75,subj08,0.6016125193571976,0.5487885588715679,0.3615245819091797,0.3253769535770914,0.17922501162281657,0.3570344441183184,0.19962827861309052,2177
1.0,subj01,0.6324082787067576,0.5977242754336062,0.4280954599380493,0.40487752548028627,0.17111706196424914,0.39928918243733447,0.20104527473449707,2422
1.0,subj02,0.6085892603252255,0.5544093787732104,0.42923370003700256,0.4010628236801353,0.17464526360824886,0.36728434025870127,0.20161177217960358,2486
1.0,subj03,0.6161761614701547,0.5754225655089703,0.3882540166378021,0.37914057547469876,0.1724190285988308,0.3782015088910796,0.20280671119689941,2279
1.0,subj04,0.6042698675600151,0.5585366806080271,0.3946415185928345,0.37429620525029583,0.17770740533363777,0.3622685031562889,0.20226065814495087,2156
1.0,subj05,0.6584158775088719,0.6206792029106873,0.4490342438220978,0.42435436362716783,0.16880391091660352,0.43332322244856325,0.2010476291179657,2470
1.0,subj06,0.5955569438103282,0.546260725443766,0.3919556140899658,0.3654239023805674,0.1784952666697701,0.35037378447501155,0.20176997780799866,2266
1.0,subj07,0.5775571468310059,0.5320436619172291,0.34547436237335205,0.3357751002997692,0.18007044569079764,0.3272267665988282,0.20159129798412323,2480
1.0,subj08,0.6039288028230517,0.5530832212859238,0.36569973826408386,0.3428632119524663,0.17928228029573856,0.36014055210950646,0.201749786734581,2177
